{
  "file_path": "I:\\1T硬盘D\\2个项目资料\\办公\\国网控制器\\国网1.0控制器\\A型充电控制模块-计费控制组件用户手册V1.3.pdf",
  "file_name": "A型充电控制模块-计费控制组件用户手册V1.3.pdf",
  "success": true,
  "pages_analyzed": 1,
  "page_results": [
    {
      "page_number": 1,
      "features": {
        "mean_rgb": [
          253.38052973903618,
          253.38052973903618,
          253.38052973903618
        ],
        "white_bg_ratio": 0.9924282429179486,
        "black_text_ratio": 0.0055795565049658056,
        "colored_text_ratio": 0.0,
        "contrast": 19.02833818376069,
        "image_size": [
          1192,
          1684
        ],
        "total_pixels": 2007328,
        "histogram": [
          8124.0,
          51.0,
          40.0,
          62.0,
          46.0,
          27.0,
          33.0,
          94.0,
          32.0,
          31.0,
          25.0,
          130.0,
          24.0,
          24.0,
          24.0,
          60.0,
          22.0,
          26.0,
          24.0,
          125.0,
          17.0,
          21.0,
          20.0,
          113.0,
          20.0,
          16.0,
          23.0,
          55.0,
          20.0,
          28.0,
          22.0,
          64.0,
          20.0,
          18.0,
          16.0,
          41.0,
          23.0,
          19.0,
          12.0,
          51.0,
          17.0,
          15.0,
          16.0,
          137.0,
          20.0,
          16.0,
          17.0,
          142.0,
          16.0,
          10.0,
          17.0,
          154.0,
          22.0,
          16.0,
          14.0,
          69.0,
          17.0,
          21.0,
          15.0,
          113.0,
          17.0,
          16.0,
          11.0,
          105.0,
          13.0,
          26.0,
          17.0,
          43.0,
          11.0,
          17.0,
          14.0,
          126.0,
          18.0,
          14.0,
          15.0,
          72.0,
          14.0,
          17.0,
          7.0,
          105.0,
          15.0,
          12.0,
          14.0,
          75.0,
          16.0,
          17.0,
          5.0,
          145.0,
          14.0,
          9.0,
          15.0,
          113.0,
          15.0,
          22.0,
          13.0,
          50.0,
          11.0,
          11.0,
          16.0,
          79.0,
          12.0,
          10.0,
          11.0,
          76.0,
          18.0,
          10.0,
          13.0,
          143.0,
          8.0,
          18.0,
          11.0,
          77.0,
          13.0,
          13.0,
          13.0,
          23.0,
          12.0,
          9.0,
          13.0,
          111.0,
          9.0,
          16.0,
          18.0,
          46.0,
          23.0,
          10.0,
          15.0,
          0.0,
          49.0,
          17.0,
          16.0,
          14.0,
          89.0,
          18.0,
          16.0,
          8.0,
          142.0,
          11.0,
          12.0,
          17.0,
          76.0,
          15.0,
          11.0,
          12.0,
          17.0,
          13.0,
          18.0,
          17.0,
          218.0,
          10.0,
          17.0,
          19.0,
          113.0,
          21.0,
          13.0,
          17.0,
          47.0,
          16.0,
          10.0,
          24.0,
          148.0,
          13.0,
          16.0,
          18.0,
          50.0,
          20.0,
          11.0,
          13.0,
          87.0,
          14.0,
          13.0,
          19.0,
          158.0,
          14.0,
          18.0,
          17.0,
          112.0,
          23.0,
          12.0,
          13.0,
          71.0,
          18.0,
          21.0,
          15.0,
          135.0,
          22.0,
          16.0,
          11.0,
          25.0,
          16.0,
          11.0,
          14.0,
          105.0,
          6.0,
          17.0,
          22.0,
          131.0,
          14.0,
          13.0,
          11.0,
          98.0,
          18.0,
          18.0,
          15.0,
          120.0,
          16.0,
          21.0,
          19.0,
          101.0,
          24.0,
          15.0,
          19.0,
          99.0,
          20.0,
          23.0,
          18.0,
          115.0,
          21.0,
          20.0,
          17.0,
          52.0,
          20.0,
          22.0,
          14.0,
          77.0,
          22.0,
          16.0,
          21.0,
          65.0,
          29.0,
          16.0,
          22.0,
          22.0,
          28.0,
          23.0,
          25.0,
          126.0,
          30.0,
          23.0,
          32.0,
          76.0,
          31.0,
          26.0,
          45.0,
          53.0,
          31.0,
          34.0,
          43.0,
          175.0,
          35.0,
          35.0,
          43.0,
          139.0,
          50.0,
          90.0,
          1989721.0
        ]
      },
      "compliance": false
    }
  ],
  "overall_compliance": false,
  "timestamp": "2025-08-09T21:01:01.300506"
}