{
  "file_path": "I:\\1T硬盘D\\2个项目资料\\办公\\国网控制器\\国网1.0控制器\\A型充电控制模块CCU-MASTER-A产品规格书.pdf",
  "file_name": "A型充电控制模块CCU-MASTER-A产品规格书.pdf",
  "success": true,
  "pages_analyzed": 1,
  "page_results": [
    {
      "page_number": 1,
      "features": {
        "mean_rgb": [
          248.63058947649733,
          248.6360730019884,
          248.64438105665812
        ],
        "white_bg_ratio": 0.9726232571682711,
        "black_text_ratio": 0.02352012620385273,
        "colored_text_ratio": 0.9750130132765337,
        "contrast": 38.398666626353794,
        "image_size": [
          1191,
          1684
        ],
        "total_pixels": 2005644,
        "histogram": [
          35287.0,
          93.0,
          70.0,
          164.0,
          67.0,
          48.0,
          52.0,
          101.0,
          50.0,
          58.0,
          55.0,
          164.0,
          5503.0,
          165.0,
          131.0,
          342.0,
          124.0,
          81.0,
          83.0,
          155.0,
          60.0,
          70.0,
          113.0,
          241.0,
          49.0,
          48.0,
          49.0,
          245.0,
          36.0,
          46.0,
          50.0,
          259.0,
          103.0,
          41.0,
          89.0,
          143.0,
          90.0,
          34.0,
          45.0,
          185.0,
          28.0,
          40.0,
          50.0,
          89.0,
          36.0,
          45.0,
          92.0,
          120.0,
          36.0,
          27.0,
          34.0,
          119.0,
          36.0,
          30.0,
          62.0,
          80.0,
          35.0,
          55.0,
          73.0,
          148.0,
          31.0,
          37.0,
          57.0,
          96.0,
          31.0,
          47.0,
          35.0,
          88.0,
          22.0,
          38.0,
          43.0,
          86.0,
          46.0,
          24.0,
          51.0,
          145.0,
          30.0,
          32.0,
          31.0,
          176.0,
          23.0,
          29.0,
          31.0,
          111.0,
          26.0,
          37.0,
          32.0,
          164.0,
          31.0,
          24.0,
          55.0,
          147.0,
          36.0,
          28.0,
          31.0,
          176.0,
          20.0,
          33.0,
          26.0,
          113.0,
          31.0,
          33.0,
          71.0,
          91.0,
          29.0,
          81.0,
          33.0,
          68.0,
          27.0,
          18.0,
          58.0,
          50.0,
          32.0,
          69.0,
          54.0,
          90.0,
          83.0,
          24.0,
          28.0,
          106.0,
          23.0,
          25.0,
          44.0,
          102.0,
          33.0,
          30.0,
          36.0,
          8.0,
          4.0,
          93.0,
          24.0,
          22.0,
          34.0,
          180.0,
          30.0,
          29.0,
          36.0,
          126.0,
          29.0,
          25.0,
          34.0,
          171.0,
          34.0,
          45.0,
          25.0,
          240.0,
          34.0,
          22.0,
          22.0,
          122.0,
          19.0,
          27.0,
          26.0,
          175.0,
          33.0,
          31.0,
          29.0,
          119.0,
          22.0,
          37.0,
          37.0,
          56.0,
          29.0,
          30.0,
          67.0,
          113.0,
          23.0,
          30.0,
          49.0,
          95.0,
          28.0,
          23.0,
          27.0,
          153.0,
          34.0,
          31.0,
          38.0,
          178.0,
          40.0,
          39.0,
          26.0,
          96.0,
          40.0,
          34.0,
          53.0,
          122.0,
          38.0,
          32.0,
          978.0,
          135.0,
          35.0,
          36.0,
          37.0,
          202.0,
          29.0,
          34.0,
          30.0,
          121.0,
          34.0,
          34.0,
          35.0,
          181.0,
          36.0,
          31.0,
          33.0,
          1063.0,
          31.0,
          39.0,
          45.0,
          152.0,
          30.0,
          32.0,
          38.0,
          151.0,
          43.0,
          45.0,
          32.0,
          198.0,
          55.0,
          45.0,
          50.0,
          168.0,
          47.0,
          42.0,
          178.0,
          165.0,
          43.0,
          49.0,
          60.0,
          253.0,
          55.0,
          92.0,
          42.0,
          176.0,
          55.0,
          60.0,
          74.0,
          141.0,
          53.0,
          48.0,
          53.0,
          156.0,
          65.0,
          84.0,
          76.0,
          294.0,
          70.0,
          89.0,
          132.0,
          165.0,
          103.0,
          124.0,
          208.0,
          9278.0,
          79.0,
          1935617.0
        ]
      },
      "compliance": false
    }
  ],
  "overall_compliance": false,
  "timestamp": "2025-08-09T20:56:50.168350"
}