{
  "file_path": "I:\\1T硬盘D\\2个项目资料\\办公\\国网集采\\DDC-C10-S功率控制器\\原理图.pdf",
  "file_name": "原理图.pdf",
  "success": true,
  "pages_analyzed": 1,
  "page_results": [
    {
      "page_number": 1,
      "features": {
        "mean_rgb": [
          239.59295268751583,
          238.1456968435076,
          239.83700297759722
        ],
        "white_bg_ratio": 0.8702112638135182,
        "black_text_ratio": 0.021342770701081547,
        "colored_text_ratio": 0.9727977647079941,
        "contrast": 46.74602450595361,
        "image_size": [
          1684,
          1191
        ],
        "total_pixels": 2005644,
        "histogram": [
          20447.0,
          261.0,
          282.0,
          1362.0,
          80.0,
          965.0,
          181.0,
          83.0,
          57.0,
          1661.0,
          38.0,
          141.0,
          61.0,
          43.0,
          90.0,
          112.0,
          1736.0,
          79.0,
          1438.0,
          121.0,
          124.0,
          189.0,
          137.0,
          124.0,
          200.0,
          183.0,
          3328.0,
          180.0,
          370.0,
          811.0,
          440.0,
          357.0,
          736.0,
          311.0,
          200.0,
          375.0,
          186.0,
          215.0,
          2078.0,
          3454.0,
          181.0,
          249.0,
          151.0,
          163.0,
          165.0,
          140.0,
          355.0,
          159.0,
          481.0,
          135.0,
          193.0,
          268.0,
          107.0,
          544.0,
          501.0,
          402.0,
          272.0,
          454.0,
          715.0,
          234.0,
          271.0,
          158.0,
          156.0,
          171.0,
          300.0,
          217.0,
          141.0,
          353.0,
          177.0,
          232.0,
          1472.0,
          261.0,
          717.0,
          209.0,
          206.0,
          188.0,
          474.0,
          295.0,
          442.0,
          728.0,
          308.0,
          324.0,
          201.0,
          407.0,
          221.0,
          528.0,
          801.0,
          405.0,
          190.0,
          243.0,
          1666.0,
          200.0,
          243.0,
          533.0,
          1104.0,
          210.0,
          808.0,
          222.0,
          239.0,
          542.0,
          833.0,
          180.0,
          1956.0,
          316.0,
          282.0,
          904.0,
          517.0,
          515.0,
          490.0,
          322.0,
          422.0,
          425.0,
          343.0,
          208.0,
          756.0,
          309.0,
          267.0,
          328.0,
          1518.0,
          233.0,
          332.0,
          138.0,
          223.0,
          447.0,
          672.0,
          228.0,
          267.0,
          150.0,
          694.0,
          252.0,
          356.0,
          413.0,
          195.0,
          2727.0,
          325.0,
          383.0,
          194.0,
          260.0,
          375.0,
          141.0,
          254.0,
          188.0,
          1168.0,
          258.0,
          1514.0,
          435.0,
          220.0,
          268.0,
          147.0,
          321.0,
          790.0,
          207.0,
          648.0,
          146.0,
          1484.0,
          165.0,
          227.0,
          386.0,
          509.0,
          549.0,
          168.0,
          243.0,
          229.0,
          489.0,
          350.0,
          218.0,
          180.0,
          337.0,
          1970.0,
          703.0,
          5089.0,
          83644.0,
          46511.0,
          2254.0,
          1308.0,
          1330.0,
          926.0,
          1142.0,
          831.0,
          900.0,
          629.0,
          720.0,
          906.0,
          707.0,
          659.0,
          651.0,
          1145.0,
          526.0,
          521.0,
          656.0,
          505.0,
          468.0,
          494.0,
          563.0,
          513.0,
          511.0,
          568.0,
          466.0,
          646.0,
          694.0,
          1275.0,
          515.0,
          473.0,
          553.0,
          507.0,
          712.0,
          541.0,
          693.0,
          677.0,
          431.0,
          1228.0,
          414.0,
          523.0,
          434.0,
          1530.0,
          501.0,
          461.0,
          480.0,
          584.0,
          434.0,
          689.0,
          524.0,
          549.0,
          391.0,
          503.0,
          484.0,
          598.0,
          503.0,
          1182.0,
          445.0,
          674.0,
          636.0,
          735.0,
          492.0,
          484.0,
          585.0,
          462.0,
          939.0,
          519.0,
          434.0,
          685.0,
          560.0,
          1100.0,
          560.0,
          810.0,
          679.0,
          769.0,
          747.0,
          592.0,
          896.0,
          1063.0,
          938.0,
          790.0,
          1058.0,
          1059.0,
          1711726.0
        ]
      },
      "compliance": false
    }
  ],
  "overall_compliance": false,
  "timestamp": "2025-08-09T20:54:11.413747"
}