{
  "file_path": "I:\\1T硬盘D\\2个项目资料\\办公\\国网控制器\\国网2.0控制器\\充电控制器缩短启动时长测试.pdf",
  "file_name": "充电控制器缩短启动时长测试.pdf",
  "success": true,
  "pages_analyzed": 1,
  "page_results": [
    {
      "page_number": 1,
      "features": {
        "mean_rgb": [
          251.10489331124373,
          251.17740423960558,
          251.47071698037885
        ],
        "white_bg_ratio": 0.9777750054891315,
        "black_text_ratio": 0.008506656819497395,
        "colored_text_ratio": 0.011187848060839539,
        "contrast": 25.81571709087923,
        "image_size": [
          1190,
          1684
        ],
        "total_pixels": 2003960,
        "histogram": [
          831.0,
          192.0,
          531.0,
          719.0,
          795.0,
          770.0,
          714.0,
          584.0,
          543.0,
          456.0,
          467.0,
          454.0,
          361.0,
          381.0,
          325.0,
          311.0,
          235.0,
          239.0,
          266.0,
          277.0,
          247.0,
          265.0,
          232.0,
          235.0,
          228.0,
          209.0,
          279.0,
          217.0,
          194.0,
          184.0,
          212.0,
          250.0,
          203.0,
          204.0,
          182.0,
          176.0,
          173.0,
          210.0,
          206.0,
          175.0,
          202.0,
          160.0,
          172.0,
          168.0,
          181.0,
          149.0,
          146.0,
          159.0,
          135.0,
          147.0,
          132.0,
          162.0,
          170.0,
          167.0,
          161.0,
          186.0,
          187.0,
          192.0,
          217.0,
          219.0,
          202.0,
          199.0,
          189.0,
          212.0,
          177.0,
          191.0,
          174.0,
          186.0,
          188.0,
          162.0,
          165.0,
          147.0,
          163.0,
          153.0,
          214.0,
          160.0,
          166.0,
          134.0,
          134.0,
          169.0,
          144.0,
          134.0,
          128.0,
          154.0,
          143.0,
          150.0,
          153.0,
          153.0,
          149.0,
          156.0,
          191.0,
          184.0,
          165.0,
          165.0,
          200.0,
          176.0,
          166.0,
          125.0,
          163.0,
          216.0,
          125.0,
          196.0,
          153.0,
          172.0,
          160.0,
          143.0,
          165.0,
          153.0,
          126.0,
          135.0,
          163.0,
          213.0,
          147.0,
          159.0,
          140.0,
          164.0,
          144.0,
          135.0,
          156.0,
          197.0,
          155.0,
          148.0,
          142.0,
          153.0,
          128.0,
          153.0,
          156.0,
          142.0,
          161.0,
          161.0,
          137.0,
          143.0,
          138.0,
          153.0,
          130.0,
          142.0,
          169.0,
          170.0,
          162.0,
          147.0,
          131.0,
          164.0,
          159.0,
          165.0,
          152.0,
          159.0,
          193.0,
          172.0,
          169.0,
          153.0,
          158.0,
          164.0,
          199.0,
          193.0,
          157.0,
          180.0,
          204.0,
          209.0,
          182.0,
          166.0,
          163.0,
          165.0,
          166.0,
          158.0,
          210.0,
          167.0,
          171.0,
          166.0,
          172.0,
          178.0,
          163.0,
          175.0,
          246.0,
          198.0,
          185.0,
          194.0,
          193.0,
          207.0,
          193.0,
          192.0,
          202.0,
          206.0,
          214.0,
          208.0,
          203.0,
          216.0,
          208.0,
          206.0,
          237.0,
          217.0,
          249.0,
          236.0,
          238.0,
          221.0,
          231.0,
          231.0,
          241.0,
          239.0,
          199.0,
          239.0,
          233.0,
          211.0,
          232.0,
          263.0,
          270.0,
          249.0,
          253.0,
          255.0,
          252.0,
          256.0,
          253.0,
          270.0,
          305.0,
          266.0,
          273.0,
          294.0,
          362.0,
          279.0,
          311.0,
          333.0,
          347.0,
          325.0,
          362.0,
          347.0,
          408.0,
          405.0,
          446.0,
          463.0,
          481.0,
          449.0,
          444.0,
          400.0,
          421.0,
          483.0,
          500.0,
          518.0,
          527.0,
          534.0,
          600.0,
          605.0,
          649.0,
          719.0,
          793.0,
          787.0,
          802.0,
          827.0,
          993.0,
          1145.0,
          1441.0,
          1693.0,
          2598.0,
          3527.0,
          5300.0,
          12649.0,
          30135.0,
          1883905.0
        ]
      },
      "compliance": false
    }
  ],
  "overall_compliance": false,
  "timestamp": "2025-08-09T21:02:22.427026"
}