{
  "file_path": "I:\\1T硬盘D\\苏创总工程师分工.pdf",
  "file_name": "苏创总工程师分工.pdf",
  "success": true,
  "pages_analyzed": 1,
  "page_results": [
    {
      "page_number": 1,
      "features": {
        "mean_rgb": [
          252.32167816487154,
          250.01375200253136,
          250.6104697197328
        ],
        "white_bg_ratio": 0.9714540557644251,
        "black_text_ratio": 0.0031811284933738948,
        "contrast": 24.073186772035683,
        "image_size": [
          1191,
          1685
        ],
        "total_pixels": 2006835,
        "histogram": [
          0.0,
          0.0,
          0.0,
          0.0,
          0.0,
          0.0,
          0.0,
          0.0,
          0.0,
          0.0,
          0.0,
          0.0,
          0.0,
          0.0,
          0.0,
          0.0,
          0.0,
          0.0,
          0.0,
          0.0,
          0.0,
          0.0,
          0.0,
          0.0,
          0.0,
          1.0,
          1.0,
          1.0,
          1.0,
          1.0,
          2.0,
          3.0,
          0.0,
          2.0,
          2.0,
          7.0,
          12.0,
          13.0,
          18.0,
          31.0,
          34.0,
          47.0,
          49.0,
          50.0,
          68.0,
          94.0,
          88.0,
          113.0,
          113.0,
          130.0,
          128.0,
          157.0,
          175.0,
          212.0,
          210.0,
          224.0,
          218.0,
          267.0,
          246.0,
          289.0,
          248.0,
          286.0,
          297.0,
          283.0,
          266.0,
          263.0,
          259.0,
          276.0,
          284.0,
          260.0,
          281.0,
          294.0,
          304.0,
          316.0,
          328.0,
          360.0,
          364.0,
          428.0,
          430.0,
          434.0,
          496.0,
          524.0,
          532.0,
          572.0,
          605.0,
          613.0,
          595.0,
          698.0,
          692.0,
          735.0,
          801.0,
          831.0,
          873.0,
          923.0,
          962.0,
          939.0,
          988.0,
          1035.0,
          1080.0,
          1126.0,
          1123.0,
          1053.0,
          1001.0,
          993.0,
          959.0,
          790.0,
          783.0,
          634.0,
          571.0,
          458.0,
          388.0,
          321.0,
          308.0,
          269.0,
          262.0,
          233.0,
          241.0,
          193.0,
          199.0,
          239.0,
          206.0,
          201.0,
          207.0,
          233.0,
          211.0,
          190.0,
          204.0,
          204.0,
          210.0,
          223.0,
          218.0,
          213.0,
          225.0,
          209.0,
          237.0,
          250.0,
          228.0,
          234.0,
          234.0,
          227.0,
          236.0,
          253.0,
          234.0,
          221.0,
          248.0,
          234.0,
          244.0,
          244.0,
          211.0,
          220.0,
          240.0,
          226.0,
          235.0,
          241.0,
          226.0,
          218.0,
          207.0,
          233.0,
          243.0,
          249.0,
          256.0,
          237.0,
          239.0,
          240.0,
          213.0,
          236.0,
          231.0,
          221.0,
          231.0,
          214.0,
          231.0,
          220.0,
          259.0,
          236.0,
          253.0,
          257.0,
          234.0,
          252.0,
          236.0,
          227.0,
          266.0,
          263.0,
          245.0,
          258.0,
          260.0,
          281.0,
          270.0,
          299.0,
          284.0,
          248.0,
          259.0,
          280.0,
          276.0,
          250.0,
          256.0,
          252.0,
          287.0,
          255.0,
          237.0,
          242.0,
          262.0,
          273.0,
          245.0,
          259.0,
          260.0,
          296.0,
          251.0,
          280.0,
          287.0,
          269.0,
          251.0,
          261.0,
          248.0,
          271.0,
          294.0,
          291.0,
          292.0,
          279.0,
          304.0,
          317.0,
          338.0,
          315.0,
          328.0,
          327.0,
          292.0,
          324.0,
          345.0,
          332.0,
          337.0,
          337.0,
          384.0,
          354.0,
          355.0,
          385.0,
          380.0,
          410.0,
          457.0,
          489.0,
          517.0,
          504.0,
          582.0,
          710.0,
          741.0,
          859.0,
          995.0,
          1156.0,
          1612.0,
          2262.0,
          3090.0,
          4028.0,
          5826.0,
          8450.0,
          11352.0,
          16329.0,
          26101.0,
          1854818.0
        ]
      },
      "compliance": false
    }
  ],
  "overall_compliance": false,
  "timestamp": "2025-08-09T20:44:59.997732"
}