{
  "file_path": "I:\\1T硬盘D\\2个项目资料\\开关控制板.pdf",
  "file_name": "开关控制板.pdf",
  "success": true,
  "pages_analyzed": 1,
  "page_results": [
    {
      "page_number": 1,
      "features": {
        "mean_rgb": [
          249.0901291555231,
          246.22953126277645,
          249.9116702665079
        ],
        "white_bg_ratio": 0.9446088139270977,
        "black_text_ratio": 0.0011507525762298792,
        "colored_text_ratio": 0.9938129598273672,
        "contrast": 31.304892879945207,
        "image_size": [
          1684,
          1191
        ],
        "total_pixels": 2005644,
        "histogram": [
          6.0,
          0.0,
          0.0,
          0.0,
          24.0,
          4.0,
          0.0,
          0.0,
          13.0,
          1.0,
          7.0,
          0.0,
          4.0,
          0.0,
          15.0,
          10.0,
          2.0,
          28.0,
          2.0,
          6.0,
          27.0,
          67.0,
          21.0,
          3.0,
          13.0,
          44.0,
          104.0,
          32.0,
          25.0,
          575.0,
          50.0,
          63.0,
          99.0,
          158.0,
          69.0,
          79.0,
          59.0,
          78.0,
          81.0,
          96.0,
          54.0,
          280.0,
          94.0,
          850.0,
          133.0,
          1032.0,
          157.0,
          235.0,
          112.0,
          294.0,
          246.0,
          150.0,
          228.0,
          201.0,
          197.0,
          940.0,
          220.0,
          1092.0,
          1281.0,
          2096.0,
          154.0,
          175.0,
          220.0,
          354.0,
          263.0,
          303.0,
          484.0,
          222.0,
          827.0,
          1214.0,
          621.0,
          243.0,
          612.0,
          677.0,
          590.0,
          249.0,
          496.0,
          296.0,
          550.0,
          314.0,
          309.0,
          955.0,
          409.0,
          313.0,
          179.0,
          346.0,
          348.0,
          2990.0,
          605.0,
          218.0,
          213.0,
          196.0,
          220.0,
          319.0,
          1209.0,
          870.0,
          280.0,
          462.0,
          311.0,
          503.0,
          2664.0,
          1785.0,
          185.0,
          1379.0,
          309.0,
          2246.0,
          768.0,
          471.0,
          711.0,
          324.0,
          216.0,
          776.0,
          347.0,
          249.0,
          206.0,
          1265.0,
          300.0,
          313.0,
          1936.0,
          2107.0,
          283.0,
          921.0,
          245.0,
          804.0,
          170.0,
          240.0,
          241.0,
          423.0,
          2655.0,
          206.0,
          188.0,
          1004.0,
          419.0,
          179.0,
          832.0,
          2012.0,
          1874.0,
          258.0,
          155.0,
          1061.0,
          344.0,
          209.0,
          182.0,
          3001.0,
          508.0,
          171.0,
          343.0,
          628.0,
          147.0,
          951.0,
          1947.0,
          423.0,
          166.0,
          257.0,
          337.0,
          291.0,
          437.0,
          422.0,
          306.0,
          639.0,
          228.0,
          169.0,
          844.0,
          462.0,
          292.0,
          911.0,
          388.0,
          261.0,
          259.0,
          1976.0,
          1843.0,
          2442.0,
          593.0,
          432.0,
          350.0,
          1032.0,
          449.0,
          721.0,
          302.0,
          627.0,
          1227.0,
          2194.0,
          389.0,
          748.0,
          289.0,
          2947.0,
          443.0,
          212.0,
          802.0,
          882.0,
          229.0,
          429.0,
          648.0,
          441.0,
          177.0,
          1502.0,
          423.0,
          492.0,
          273.0,
          1122.0,
          465.0,
          234.0,
          660.0,
          255.0,
          287.0,
          381.0,
          539.0,
          731.0,
          361.0,
          354.0,
          958.0,
          629.0,
          367.0,
          3245.0,
          953.0,
          1103.0,
          400.0,
          371.0,
          1322.0,
          951.0,
          408.0,
          257.0,
          535.0,
          629.0,
          317.0,
          933.0,
          426.0,
          2216.0,
          766.0,
          510.0,
          1394.0,
          821.0,
          396.0,
          593.0,
          474.0,
          345.0,
          623.0,
          815.0,
          318.0,
          434.0,
          1480.0,
          1207.0,
          1358.0,
          634.0,
          812.0,
          432.0,
          856.0,
          662.0,
          847.0,
          631.0,
          742.0,
          943.0,
          697.0,
          873.0,
          1180.0,
          1857752.0
        ]
      },
      "compliance": false
    }
  ],
  "overall_compliance": false,
  "timestamp": "2025-08-09T20:51:15.946944"
}